{
	"info": {
		"_postman_id": "38889e91-af4f-49d4-9e09-c06e9e21a7fa",
		"name": "Roulette Api",
		"schema": "https://schema.getpostman.com/json/collection/v2.1.0/collection.json",
		"_exporter_id": "20828424"
	},
	"item": [
		{
			"name": "CreateUser",
			"event": [
				{
					"listen": "test",
					"script": {
						"exec": [
							""
						],
						"type": "text/javascript"
					}
				}
			],
			"request": {
				"method": "POST",
				"header": [],
				"body": {
					"mode": "raw",
					"raw": "{\r\n  \"username\": \"Remone\",\r\n  \"emailAddress\": \"Naidoo.remone@gmail.com\",\r\n  \"balance\": 10000,\r\n  \"password\": \"123456\"\r\n}",
					"options": {
						"raw": {
							"language": "json"
						}
					}
				},
				"url": {
					"raw": "{{Server}}api/Authorization/CreateUser",
					"host": [
						"{{Server}}api"
					],
					"path": [
						"Authorization",
						"CreateUser"
					]
				}
			},
			"response": []
		},
		{
			"name": "AuthenticateUser",
			"event": [
				{
					"listen": "test",
					"script": {
						"exec": [
							"// Extract the betapi token\r",
							"let BearerToken = pm.response.json().token\r",
							"// store in collectionvariable\r",
							"pm.environment.set(\"VarBearerToken\", BearerToken);"
						],
						"type": "text/javascript"
					}
				}
			],
			"request": {
				"method": "POST",
				"header": [],
				"body": {
					"mode": "raw",
					"raw": "{\r\n  \"emailAddress\": \"naidoo.remone@gmail.com\",\r\n  \"password\": \"123456\"\r\n}",
					"options": {
						"raw": {
							"language": "json"
						}
					}
				},
				"url": {
					"raw": "{{Server}}api/Authorization/AuthenticateUser",
					"host": [
						"{{Server}}api"
					],
					"path": [
						"Authorization",
						"AuthenticateUser"
					]
				}
			},
			"response": []
		},
		{
			"name": "PlaceBet",
			"event": [
				{
					"listen": "test",
					"script": {
						"exec": [
							"// Extract the betapi token\r",
							"let InitialBetRef = pm.response.json().betReference\r",
							"// store in collectionvariable\r",
							"pm.environment.set(\"VarInitialBetRef\", InitialBetRef);"
						],
						"type": "text/javascript"
					}
				}
			],
			"request": {
				"method": "POST",
				"header": [
					{
						"key": "Authorization",
						"value": "{{VarBearerToken}}",
						"type": "text"
					}
				],
				"body": {
					"mode": "raw",
					"raw": "{\r\n  \"stake\": 100,\r\n  \"bet\": \"black\"\r\n}",
					"options": {
						"raw": {
							"language": "json"
						}
					}
				},
				"url": {
					"raw": "{{Server}}api/PlaceBet",
					"host": [
						"{{Server}}api"
					],
					"path": [
						"PlaceBet"
					]
				}
			},
			"response": []
		},
		{
			"name": "PayoutBet",
			"request": {
				"method": "POST",
				"header": [
					{
						"key": "Authorization",
						"value": "{{VarBearerToken}}",
						"type": "text"
					}
				],
				"body": {
					"mode": "raw",
					"raw": "{\r\n  \"betReference\": \"{{VarInitialBetRef}}\"\r\n}",
					"options": {
						"raw": {
							"language": "json"
						}
					}
				},
				"url": {
					"raw": "{{Server}}api/Payout",
					"host": [
						"{{Server}}api"
					],
					"path": [
						"Payout"
					],
					"query": [
						{
							"key": "",
							"value": "",
							"disabled": true
						}
					]
				}
			},
			"response": []
		},
		{
			"name": "PlayRound",
			"request": {
				"method": "POST",
				"header": [
					{
						"key": "Authorization",
						"value": "{{VarBearerToken}}",
						"type": "text"
					}
				],
				"body": {
					"mode": "raw",
					"raw": "{\r\n  \"stake\": 50,\r\n  \"bet\": \"red\"\r\n}",
					"options": {
						"raw": {
							"language": "json"
						}
					}
				},
				"url": {
					"raw": "{{Server}}api/PlayRound",
					"host": [
						"{{Server}}api"
					],
					"path": [
						"PlayRound"
					]
				}
			},
			"response": []
		}
	]
}